,city_name,temperature,humidity,wind_speed,cloudiness,latitude,longtitude
0,Umluj,302.3,40,2.2,0,25.0213,37.2685
1,Jieshou,286.04,71,1.56,82,33.2634,115.3611
2,Balabac,300.96,77,4.76,100,7.9868,117.0645
3,Marawi,297.04,91,2.24,100,7.9986,124.2928
4,Shenjiamen,292.07,66,7.05,55,29.9576,122.298
5,Pulgaon,297.29,86,1.94,57,20.7333,78.3333
6,Abha,287.62,24,3.98,0,18.2164,42.5053
7,Stavern,275.84,59,2.1,21,59.0,10.0333
8,Srednekolymsk,268.7,97,1.15,84,67.45,153.6833
9,Gazli,285.21,36,5.84,0,40.1333,63.45
10,Biak,298.61,76,2.01,97,-0.9131,122.8766
11,Jiwani,298.71,24,8.85,0,25.05,61.7417
12,Belaya Gora,266.61,98,4.13,96,68.5333,146.4167
13,Kashgar,283.15,37,5.0,0,39.4547,75.9797
14,Lakselv,273.15,93,4.1,10,70.0513,24.9718
15,Phonhong,293.7,94,1.09,100,18.5007,102.4166
16,Yumen,278.45,51,6.48,100,40.2833,97.2
17,Airai,298.1,36,1.53,39,-8.9266,125.4092
18,Şalālah,297.15,38,1.5,0,17.0151,54.0924
19,Hasaki,283.43,100,3.1,75,35.7333,140.8333
20,Krasnohrad,279.72,77,0.26,0,49.3814,35.4402
21,Cherskiy,267.72,92,3.19,92,68.75,161.3
22,Nikolskoye,274.93,93,3.0,90,59.7035,30.7861
23,Dmitriyevskaya,292.04,75,2.53,100,45.6564,40.7653
24,Khatanga,259.36,85,3.66,26,71.9667,102.5
25,Bereslavka,288.15,77,4.0,40,48.6254,44.0449
26,Kisangani,294.83,96,0.71,94,0.5167,25.2
27,Severo-Kuril’sk,282.92,78,5.26,10,50.6789,156.125
28,Vardø,271.65,92,4.6,75,70.3705,31.1107
29,Itoman,298.24,78,5.1,40,26.1247,127.6694
30,Tessalit,301.72,16,3.86,0,20.1986,1.0114
31,Bad Bevensen,280.29,93,1.0,40,53.0833,10.5833
32,Deputatsky,262.07,95,3.52,100,69.3,139.9
33,Yairipok,293.08,96,0.41,100,24.6667,94.0667
34,Cabra,287.59,51,2.65,0,37.4725,-4.4421
35,Jinxiang,292.23,75,5.2,89,27.4327,120.6062
36,Kribi,298.48,89,2.47,100,2.95,9.9167
37,Caesarea,296.12,83,2.1,40,32.5189,34.9046
38,Mirny,261.15,85,3.0,66,62.5353,113.9611
39,Nizwá,295.5,17,3.28,0,22.9333,57.5333
40,Ubari,296.74,47,4.31,85,26.5921,12.7805
41,Naze,297.15,88,8.7,75,28.3667,129.4833
42,Tūkrah,294.76,76,7.3,100,32.5341,20.5791
43,Izumo,285.15,87,4.6,75,35.3667,132.7667
44,Novikovo,277.97,78,2.86,0,51.1537,37.8879
45,Huilong,291.61,68,3.53,75,31.8111,121.655
46,Anapskaya,289.98,88,3.0,20,44.89,37.38
47,At-Bashi,275.5,67,1.11,0,41.1702,75.8106
48,Krasnosel’kup,263.86,96,5.76,98,65.7,82.4667
49,Gravdal,278.95,64,6.96,11,68.1214,13.5031
50,Vanimo,301.31,72,2.19,100,-2.6741,141.3028
51,Arlit,305.68,12,1.95,0,18.7369,7.3853
52,Butaritari,301.16,71,7.49,86,3.0707,172.7902
53,Zhigalovo,276.72,87,1.63,100,54.8097,105.1578
54,Minsk,276.15,93,2.0,62,53.9,27.5667
55,Dāmghān,283.99,35,0.82,0,36.1683,54.348
56,Leningradskiy,268.81,89,2.75,0,69.3833,178.4167
57,Marihatag,299.13,81,2.77,100,8.7936,126.2969
58,Tromsø,272.15,80,5.7,20,69.6496,18.957
59,Dikson,271.2,93,13.43,98,73.5069,80.5464
60,Police,279.12,99,4.14,40,53.5521,14.5718
61,Suifenhe,275.04,80,1.54,0,44.4,131.1667
62,Kungurtug,272.98,82,0.55,98,50.5994,97.5228
63,Katsuura,287.15,76,6.2,75,35.1333,140.3
64,Hambantota,298.71,84,6.34,94,6.1241,81.1185
65,Pundaguitan,300.43,80,3.69,100,6.3711,126.1689
66,Evensk,275.34,93,1.78,100,61.95,159.2333
67,Kiryat Gat,295.8,83,2.1,40,31.61,34.7642
68,Watsa,290.07,99,0.84,39,3.0372,29.5355
69,Vostok,271.37,88,1.61,0,46.4856,135.8833
70,Kazanka,279.15,81,1.76,20,47.8462,32.8218
71,Longyearbyen,270.15,73,4.1,20,78.2186,15.6401
72,Rognan,270.37,84,1.51,3,67.0953,15.3878
73,Chifeng,279.42,59,3.42,5,42.2683,118.9636
74,San Julián,296.52,40,1.86,61,21.0167,-102.1667
75,Tiksi,264.52,95,6.67,99,71.6872,128.8694
76,Farāh,278.23,65,0.67,0,32.5,62.5
77,Impfondo,295.53,97,1.17,99,1.6381,18.0667
78,Mehamn,275.76,77,4.17,76,71.0357,27.8492
79,Ust-Nera,260.99,87,1.53,96,64.5667,143.2
80,Vrbové,280.46,93,1.5,63,48.6197,17.7226
81,Dumka,297.08,71,1.66,44,24.2667,87.25
82,Verkhoshizhem’ye,278.35,87,5.46,97,58.011,49.1038
83,Dawei,295.08,94,2.71,100,14.0833,98.2
84,Tilichiki,275.8,89,6.42,100,60.4667,166.1
85,Saskylakh,266.05,97,3.09,95,71.9167,114.0833
86,Nsukka,294.92,92,1.06,97,6.8561,7.3927
87,Constantine,283.15,71,2.1,19,36.365,6.6147
88,Rāvar,280.57,52,0.97,0,31.2656,56.8055
89,Usinsk,269.58,96,2.35,45,65.9939,57.5281
90,Yārāda,299.15,100,1.0,75,17.65,83.2667
91,Vanavara,269.97,95,5.08,69,60.34,102.2797
92,Ust-Tsilma,271.76,98,2.28,100,65.441,52.1498
93,Ostrovnoy,274.46,85,5.83,76,68.0531,39.5131
94,Lorengau,302.72,70,3.46,91,-2.0226,147.2712
95,Bud,289.05,63,2.08,75,39.447,-86.1758
96,Fakel,279.99,95,4.66,99,57.6325,53.0252
97,Dhārchula,287.72,35,1.93,22,29.85,80.5333
98,Hami,279.65,51,1.81,38,42.8,93.45
99,Shīeli,285.66,36,3.88,0,44.1667,66.75
100,Yatou,286.26,58,1.58,0,37.15,122.3833
101,Glinishchevo,278.05,83,6.19,100,53.3042,34.0652
102,Kavieng,302.34,70,3.8,62,-2.5744,150.7967
103,Romitan,283.15,34,4.1,0,39.9343,64.3814
104,Talnakh,264.15,92,3.0,90,69.4865,88.3972
105,Lashio,290.74,99,0.67,99,22.9333,97.75
106,Yantal’,274.7,89,6.16,100,56.8471,105.2542
107,Belomorsk,274.41,95,5.07,100,64.5232,34.7668
108,Shizunai-furukawachō,287.55,68,4.38,5,42.3339,142.3669
109,Illela,303.79,29,0.78,19,13.7292,5.2975
110,Khandyga,264.17,95,1.36,99,62.6667,135.6
111,Teseney,299.94,42,4.01,0,15.11,36.6575
112,Baswa,297.67,20,0.4,6,27.15,76.5833
113,Aleksandriya,289.09,84,4.9,53,45.0947,43.2456
114,Hoi An,298.15,100,0.5,75,15.8794,108.335
115,Jiaocheng,290.94,81,1.54,65,24.6774,116.1389
116,Miri,298.15,88,1.5,40,4.4148,114.0089
117,Shujālpur,298.36,76,1.72,29,23.4,76.7167
118,Abonnema,298.14,91,1.82,0,4.7084,6.7931
119,Ulan Bator,262.15,85,1.0,65,47.9077,106.8832
120,Bose,282.29,90,1.4,3,45.4612,8.0137
121,Rach Gia,298.15,100,1.0,75,10.0167,105.0833
122,Baykit,270.9,94,5.77,100,61.67,96.37
123,Arys,279.15,52,3.61,0,42.4252,68.795
124,Beringovskiy,275.11,80,1.35,0,63.05,179.3167
125,Chokurdakh,266.03,98,2.75,93,70.6333,147.9167
126,Labytnangi,267.1,95,2.61,45,66.6572,66.4183
127,Pingliang,277.58,69,0.41,0,35.5392,106.6861
128,Pakokku,298.29,87,2.1,100,21.3333,95.1
129,Komsomolskiy,283.15,61,3.1,0,40.4272,71.7189
130,Hobyo,299.38,81,8.65,35,5.3505,48.5268
131,Zermatt,270.39,13,6.7,5,46.0213,7.7491
132,Hohhot,271.15,68,3.0,0,40.8106,111.6522
133,Morón,301.06,64,0.89,30,-34.6534,-58.6198
134,Wangqing,277.35,70,1.01,0,43.3218,129.7634
135,Shimoda,287.04,69,5.57,83,34.6667,138.95
136,Pevek,269.5,93,7.52,96,69.7008,170.3133
137,Trincomalee,299.26,82,6.58,89,8.5711,81.2335
138,Liepāja,281.15,49,4.6,30,56.5419,21.0367
139,Jieshi,295.37,72,0.89,18,22.8134,115.8257
140,Bang Saphan,296.65,93,0.52,92,11.2126,99.5117
141,Kommunisticheskiy,272.24,96,3.64,100,61.6789,64.4819
142,Pakxan,293.1,95,1.75,100,18.3778,103.6601
143,Ola,275.06,86,5.85,82,59.5833,151.2833
144,Tot’ma,275.8,94,3.75,100,59.9747,42.7642
145,Baiyin,272.54,79,2.0,2,36.5583,104.2081
146,Dwārka,301.84,78,4.16,43,22.2394,68.9678
147,Nishihara,297.7,94,3.1,40,26.1842,127.7558
148,Mersa Matruh,294.15,83,5.18,19,31.3525,27.2453
149,Zhangjiakou Shi Xuanhua Qu,281.01,52,0.56,0,40.6103,115.0447
150,Bosaso,300.37,41,1.9,0,11.2842,49.1816
151,Kavaratti,300.1,81,5.11,41,10.5669,72.642
152,Banda Aceh,300.3,69,4.57,100,5.5577,95.3222
153,Lafia,297.2,88,1.2,3,8.4833,8.5167
154,Korla,279.26,93,0.45,13,41.7597,86.1469
155,Kapoeta,295.93,83,0.63,98,4.7717,33.5903
156,Sørland,279.69,62,8.5,16,67.667,12.6934
157,Hithadhoo,301.67,75,7.84,100,-0.6,73.0833
158,Tateyama,287.81,76,6.2,75,34.9833,139.8667
159,Tura,295.42,92,0.87,0,25.5198,90.2201
160,Talagang,293.18,25,1.54,0,32.9297,72.4158
161,Jalu,299.17,25,3.38,97,29.0331,21.5482
162,Tuy Hoa,297.42,88,4.02,100,13.0833,109.3
163,Kyra,273.37,90,0.5,0,49.5776,111.9753
164,Kishtwār,283.31,37,1.98,0,33.3167,75.7667
165,Ribnitz-Damgarten,279.78,87,3.6,20,54.25,12.4667
166,Sterlitamak,282.55,67,7.25,100,53.6246,55.9502
167,Abu Dhabi,297.85,34,2.1,0,24.4667,54.3667
168,Port Blair,299.96,83,6.98,100,11.6667,92.75
169,Ngaoundéré,291.67,82,1.13,6,7.3167,13.5833
170,Forsytheganj,279.71,88,5.18,94,52.6333,29.7333
171,Aswan,300.87,21,3.72,0,24.0934,32.907
172,Vizinga,275.89,96,2.59,100,61.0749,50.1031
173,Ternate,301.46,75,4.15,94,0.8,127.4
174,Comrat,282.42,73,2.55,7,46.3003,28.6572
175,Namatanai,302.54,62,2.02,0,-3.6667,152.4333
176,Cartagena,303.15,84,3.1,40,10.3997,-75.5144
177,Yekaterinovka,279.76,80,3.83,81,52.0508,44.3451
178,Gaza,295.7,83,2.1,40,31.5,34.4667
179,Mezen’,273.43,97,4.16,100,65.8522,44.24
180,Orda,278.39,89,7.24,100,57.1951,56.9091
181,Mandalgovi,275.29,62,5.13,70,45.7625,106.2708
182,Ayan,269.98,85,7.95,70,56.45,138.1667
183,Chalakudi,298.15,94,0.77,40,10.304,76.3361
184,Lensk,267.71,94,1.75,100,60.7253,114.9278
185,Tomohon,297.15,94,1.0,20,1.3346,124.8392
186,Yar-Sale,265.7,96,3.0,23,66.8333,70.8333
187,Fort-Shevchenko,289.18,39,7.36,0,44.5086,50.263
188,Jasdan,299.24,81,2.59,40,22.0333,71.2
189,Nalgonda,297.68,87,0.63,73,17.05,79.2667
190,Luba,298.15,100,2.1,40,3.4568,8.5547
191,Kalmunai,298.52,84,2.14,92,7.4167,81.8167
192,Aykhal,261.15,92,2.0,90,66.0,111.5
193,Bischofshofen,279.94,93,0.5,90,47.4167,13.2167
194,Āsosa,290.0,92,1.55,64,10.0667,34.5333
195,Sobolevo,277.84,84,4.22,100,54.4299,31.8996
196,Imeni Zhelyabova,274.3,96,4.52,94,58.9544,36.5956
197,Rongcheng,287.35,76,1.49,100,30.634,117.8517
198,Latung,301.57,76,7.54,100,5.5,120.8833
199,Lasa,276.43,72,1.5,5,46.6166,10.7002
200,Marzuq,291.12,28,0.98,0,14.4,46.4667
201,Ziarat,277.08,39,1.49,0,30.3823,67.7282
202,Rafai,293.9,96,0.04,100,4.95,23.9167
203,Guozhen,283.63,46,1.27,3,34.3659,107.359
204,Wuchang,277.13,71,4.16,14,44.9143,127.15
205,Najrān,291.15,27,1.33,0,17.4924,44.1277
206,Platonovka,278.87,70,4.11,20,52.7106,41.952
207,Rudnyy,273.15,64,5.0,85,52.9594,63.1206
208,Sadasivpet,295.98,88,2.6,75,17.6212,77.9503
209,Hīrna,288.5,51,1.88,0,9.2167,41.1
210,Berlevåg,271.15,92,1.0,40,70.8578,29.0864
211,Liaozhong,272.15,86,1.0,0,41.5061,122.7242
212,Ruwi,295.15,49,1.5,0,23.5996,58.5507
213,Churapcha,261.7,95,3.02,93,62.0025,132.4325
214,Hirara,298.15,78,6.2,75,24.8,125.2833
215,Lianzhou,287.95,84,1.62,48,24.7811,112.3825
216,Suileng,274.55,84,2.78,0,47.25,127.0833
217,Sadovo,284.29,54,5.7,40,42.1333,24.9333
218,Debre Tabor,282.82,92,1.14,40,11.85,38.0167
219,Wamba,296.01,91,0.52,7,8.9333,8.6
220,Bagdarin,273.78,90,0.9,100,54.4333,113.6
221,Sur,300.89,49,7.94,11,22.5667,59.5289
222,Suoyarvi,273.36,98,3.71,100,62.0833,32.35
223,Yokadouma,294.22,95,0.51,79,3.5167,15.05
224,Harboøre,278.3,80,3.1,88,56.6175,8.1807
225,Maralal,289.43,77,1.58,48,1.0968,36.698
226,Shitanjing,278.39,56,1.63,0,39.2342,106.3439
227,Bojnūrd,281.15,20,1.0,0,37.4747,57.329
228,Kajaani,274.15,95,5.1,75,64.2273,27.7285
229,Jega,301.36,50,3.31,2,12.2175,4.3792
230,Dudinka,264.15,92,3.0,90,69.4058,86.1778
231,Verkhoyansk,263.58,95,2.52,100,67.5447,133.385
232,Aloleng,299.9,79,3.21,45,16.1307,119.7824
233,Troitskoye,273.02,93,3.85,66,52.9821,84.6757
234,Milove,280.41,74,2.58,94,49.3787,40.1302
235,Ishigaki,298.15,83,9.8,40,24.3448,124.1572
236,Riyadh,292.15,20,2.1,0,24.6877,46.7219
237,Hailar,273.88,92,3.4,5,49.2,119.7
238,Turochak,272.92,94,2.76,98,52.2576,87.1224
239,Honningsvåg,277.52,70,4.62,44,70.9821,25.9704
240,Nemuro,286.64,64,7.27,0,43.3236,145.575
241,Tanggu,281.15,87,1.0,0,39.0211,117.6469
242,Bakchar,271.52,94,3.82,76,57.0186,82.0711
243,Thanh pho Bac Lieu,298.43,87,1.61,100,9.285,105.7244
244,Buraydah,292.15,25,2.47,0,26.326,43.975
245,Lagos State,298.19,91,1.56,1,6.5833,3.75
246,Doha,301.25,48,4.1,0,25.2867,51.5333
247,Okhotsk,269.65,83,8.64,18,59.3833,143.3
248,Zhigansk,260.34,91,2.07,73,66.7697,123.3711
249,Kalety,279.22,87,5.7,75,50.5627,18.8926
250,Vanino,274.45,73,4.22,99,49.0869,140.2543
251,Anadyr,269.15,92,2.0,0,64.75,177.4833
252,Puerto Princesa,299.15,88,2.1,40,9.7392,118.7353
253,Elverum,271.36,78,1.79,26,60.8819,11.5623
254,Kurmanayevka,286.15,43,6.93,100,52.5093,52.0675
255,Ginda,289.76,29,2.4,0,30.6945,78.4932
256,Manavālakurichi,300.15,83,1.0,20,8.1333,77.3
257,Kilifarevo,279.21,100,1.0,3,42.9833,25.6333
258,Pokhara,293.69,57,1.1,36,28.2333,83.9833
259,Mariehamn,275.15,80,4.1,90,60.0973,19.9348
260,Roven’ky,282.91,65,3.24,100,48.0833,39.3776
261,Palekastro,295.93,73,1.79,100,35.2,26.25
262,Geesthacht,280.45,64,2.66,99,53.4333,10.3667
263,Bay-Khaak,275.12,80,4.24,100,51.1667,94.5
264,Uspenka,283.14,65,2.23,99,48.3903,39.1619
265,Brekstad,276.93,80,7.2,75,63.687,9.6654
266,Abatskoye,274.2,87,5.11,70,56.2875,70.4555
267,Yaan,296.56,89,2.21,34,7.3833,8.5667
268,Faya,287.62,24,3.98,0,18.3851,42.4509
269,Dongli,294.15,77,3.0,13,23.5656,116.8194
270,Békéscsaba,277.59,99,1.9,5,46.6833,21.1
271,Gra Liyiá,295.93,73,1.79,97,35.0167,25.6833
272,Mizdah,287.96,64,5.61,9,31.4451,12.9801
273,Lishui,288.76,88,1.08,99,28.4604,119.9103
274,Dzisna,275.42,88,5.52,0,55.568,28.1971
275,Aginskoye,274.37,85,1.23,41,51.1,114.53
276,Carbonia,285.1,87,1.0,5,39.1672,8.5222
277,Muzhi,267.56,92,2.14,9,65.3667,64.6667
278,Herāt,279.31,60,3.38,0,34.5,62.0
279,Yurty,272.29,92,4.52,79,56.0498,97.6348
280,Bratsk,273.15,94,9.0,20,56.1325,101.6142
281,Hollola,270.93,99,3.38,52,61.05,25.4333
282,Şile,290.37,72,3.58,99,41.1754,29.6133
283,Jahāngīrpur,296.13,23,0.92,17,28.1833,77.7167
284,Tashla,283.79,45,4.82,97,51.7716,52.7427
285,Basoko,295.45,91,0.2,95,1.2391,23.616
286,Sochi,292.09,68,6.0,100,43.6,39.7303
287,Lipin Bor,274.3,89,3.91,100,60.2622,37.9763
288,Vung Tau,298.61,86,1.16,100,10.346,107.0843
289,Tazmalt,287.15,87,2.1,29,36.3868,4.3989
290,Eyl,299.49,77,3.94,6,7.9803,49.8164
291,Neryungri,258.87,89,1.34,0,56.6709,124.6491
292,Orlik,272.04,86,1.31,100,52.5178,99.825
293,Semey,269.15,92,2.39,0,50.4111,80.2275
294,Belyy Yar,274.15,50,4.0,88,53.6039,91.3903
295,Kamaishi,284.15,93,1.0,75,39.2667,141.8833
296,Amga,260.33,95,1.7,87,60.8953,131.9608
297,Siliştea,280.08,93,0.5,13,44.3833,25.35
298,Kozhva,271.39,98,1.64,100,65.1073,57.0459
299,Dukat,266.75,91,1.78,87,62.55,155.55
300,Turaif,290.15,33,3.1,0,31.6725,38.6637
301,Almaznyy,288.15,58,3.0,20,48.0448,40.045
302,Agirish,271.9,95,3.39,100,61.9247,63.0231
303,Koppal,295.71,89,4.68,96,15.35,76.15
304,Genhe,270.66,97,0.94,0,50.7833,121.5167
305,Patti,291.57,88,0.68,0,31.2808,74.8572
306,Belaya Kholunitsa,279.96,93,5.03,97,58.84,50.8528
307,Palanga,281.15,65,3.6,46,55.9175,21.0686
308,Am Timan,297.03,51,1.8,33,11.0297,20.2827
309,Toktogul,285.24,40,0.37,0,41.8708,72.9402
310,Povenets,274.34,92,3.39,100,62.8487,34.8262
311,Fügen,277.73,87,0.5,75,47.35,11.85
312,Yalutorovsk,275.88,76,6.58,95,56.6536,66.3006
313,Olovyannaya,274.28,88,2.02,19,50.95,115.5667
314,Beian,276.94,80,7.2,75,63.6559,9.5683
315,Matara,298.63,87,4.65,93,5.9485,80.5353
316,Kargasok,271.25,94,5.75,90,59.0556,80.8572
317,Karacaköy,289.5,59,9.3,75,41.4029,28.3834
318,Beyneu,285.23,38,5.92,0,45.3167,55.2
319,Furukawa,283.67,81,1.0,75,38.5717,140.9556
320,Tārāpur,299.11,82,2.08,65,19.85,72.7
321,Plyussa,275.13,85,4.63,8,58.4308,29.3654
322,Pionerskiy,280.72,75,5.0,75,54.9508,20.2275
323,Chegdomyn,269.83,95,0.78,100,51.1167,133.0167
324,Novosheshminsk,285.74,79,6.84,98,55.0651,51.2338
325,Phan Thiet,297.15,87,1.81,100,10.9333,108.1
326,Iskateley,270.95,96,1.01,18,67.6803,53.1512
327,Gushikawa,297.17,94,3.6,1,26.3544,127.8686
328,Turukhansk,264.94,97,6.22,100,65.8167,87.9833
329,Boguchany,271.89,92,5.92,65,58.3814,97.4531
330,Trapani,286.19,93,1.0,0,37.8333,12.6667
331,Wattegama,296.45,81,1.29,98,6.7989,81.4808
332,Kozel’sk,275.15,93,3.0,95,54.0375,35.7716
333,Chernyshevskiy,265.17,96,4.31,92,63.0128,112.4714
334,Yasnyy,280.14,59,7.92,75,51.0333,59.8742
335,Sakakah,296.15,15,3.1,0,29.9697,40.2064
336,Ranong,298.67,86,3.35,98,9.9658,98.6348
337,Udimskiy,274.93,99,2.13,100,61.1417,45.9144
338,Ust’-Koksa,268.94,91,1.7,64,50.2696,85.6108
339,Sayyan,283.48,43,1.42,0,15.1718,44.3244
340,Nivala,273.15,96,0.89,98,63.9167,24.9667
341,Yining,285.8,91,0.66,80,29.0361,114.5636
342,Tezu,295.56,68,1.56,11,27.9167,96.1667
343,Kantang,299.82,92,1.25,70,7.4054,99.5156
344,Hūn,295.01,65,7.52,100,29.1268,15.9477
345,Okha,274.15,90,7.86,76,53.5739,142.9478
346,Saravan,281.31,49,0.77,0,39.7196,45.6483
347,Joura,298.29,28,2.43,0,26.3411,77.8115
348,Pleshanovo,284.84,43,6.91,100,52.8333,53.4833
349,Sirte,295.12,67,3.53,100,31.2089,16.5887
350,Cao Bang,291.46,74,1.33,100,22.6667,106.25
351,Zhangye,278.72,52,3.12,85,38.9342,100.4517
352,Republic of India,296.23,90,2.04,27,20.0,77.0
353,Suceviţa,279.23,93,3.6,75,47.7833,25.7167
354,Tādpatri,297.8,85,0.81,100,14.9167,78.0167
355,Zhoucheng,284.08,45,1.78,54,35.9122,116.3117
356,Wum,291.09,94,0.96,86,6.3833,10.0667
357,Hakkari,279.62,52,0.36,0,37.5833,44.1667
358,Tartouss,291.72,77,2.1,11,34.889,35.8866
359,Kamenka,280.93,80,3.77,99,51.3223,42.7678
360,Neyvo-Shaytanskiy,275.76,83,5.28,100,57.7286,61.2496
361,Kiruna,270.15,86,6.7,77,67.8557,20.2251
362,Phayakkhaphum Phisai,294.15,100,2.6,90,15.5163,103.1937
363,Kara-Tyube,285.52,94,0.82,25,44.6336,45.4369
364,Karakol,278.26,54,1.98,0,42.4907,78.3936
365,Changwat Nong Khai,295.37,87,2.55,100,17.9167,103.0833
366,Soloneshnoye,272.56,91,2.48,72,51.6544,84.3197
367,Verkhnyaya Inta,267.8,96,2.2,77,65.9811,60.3094
368,Pathein,296.34,95,3.3,97,16.7833,94.7333
369,Leh,274.02,55,0.56,0,34.1667,77.5833
370,Teya,270.37,92,6.82,100,60.3778,92.6267
371,Westerland,282.15,70,4.1,74,54.9079,8.3033
372,Maloyaroslavets,275.2,93,3.0,96,55.0146,36.4719
373,Umarkot,303.13,63,2.33,44,25.3616,69.7362
374,Vågåmo,271.51,91,3.28,55,61.8751,9.0967
375,Arraial do Cabo,295.12,81,10.26,86,-22.9661,-42.0278
376,Rikitea,296.97,80,7.69,100,-23.1203,-134.9692
377,Atuona,298.77,75,8.23,3,-9.8,-139.0333
378,Caravelas,295.9,80,3.94,72,-17.7125,-39.2481
379,Serro,290.76,89,2.59,100,-18.6047,-43.3794
380,Cape Town,288.36,87,2.1,81,-33.9258,18.4232
381,Mataura,282.59,94,3.13,100,-46.1927,168.8643
382,Viedma,289.64,38,5.35,0,-40.8135,-62.9967
383,Ushuaia,277.15,86,0.24,40,-54.8,-68.3
384,Carahue,287.15,58,5.1,20,-38.7,-73.1667
385,Mar del Plata,292.15,88,1.5,75,-38.0023,-57.5575
386,São João Batista,294.63,94,4.1,40,-27.2761,-48.8494
387,Puerto Ayora,294.26,94,3.58,83,-0.7393,-90.3518
388,Ancud,282.85,70,5.7,75,-41.8697,-73.8203
389,Hermanus,287.59,87,3.38,100,-34.4187,19.2345
390,Cassilândia,300.71,47,2.45,70,-19.1133,-51.7342
391,Chuy,291.82,78,3.24,0,-33.6971,-53.4616
392,Vaini,296.15,78,5.7,75,-21.2,-175.2
393,Punta Arenas,278.63,56,8.7,40,-53.15,-70.9167
394,Touros,298.15,83,3.1,20,-5.1989,-35.4608
395,Alofi,297.23,86,6.52,98,-19.0595,-169.9187
396,Jamestown,283.44,87,3.6,90,42.097,-79.2353
397,Pisco,291.87,77,2.1,90,-13.7,-76.2167
398,George Town,298.93,88,1.5,20,5.4112,100.3354
399,Pedro Juan Caballero,291.99,83,2.56,84,-22.5472,-55.7333
400,Avarua,300.15,74,3.6,73,-21.2078,-159.775
401,Cidreira,293.25,84,10.29,42,-30.1811,-50.2056
402,Castro,288.49,94,3.75,72,-24.7911,-50.0119
403,Departamento de Maldonado,295.85,69,3.6,14,-34.6667,-54.9167
404,Avera,292.2,72,2.6,1,33.194,-82.5271
405,San Cristobal,304.15,45,7.2,40,7.7669,-72.225
406,San Francisco,296.49,36,7.2,20,37.7749,-122.4194
407,Tacuarembó,295.09,87,2.81,3,-31.7333,-55.9833
408,Faanui,299.61,77,3.2,63,-16.4833,-151.75
409,Lebu,284.37,74,2.35,0,-37.6167,-73.65
410,Trelew,293.43,22,11.14,18,-43.249,-65.3051
411,Tiarei,301.04,69,4.6,40,-17.5333,-149.3333
412,Belmonte,295.15,88,1.0,75,-15.8631,-38.8828
413,Coquimbo,287.15,82,5.7,0,-29.9533,-71.3436
414,Rio do Sul,290.14,86,2.08,33,-27.2142,-49.6431
415,Antofagasta,288.15,82,5.7,90,-23.65,-70.4
416,Harper,298.2,90,2.98,100,4.375,-7.7169
417,San Carlos de Bariloche,281.15,61,13.9,40,-41.1456,-71.3082
418,Hualmay,290.64,77,3.93,17,-11.0964,-77.6139
419,Bom Jardim,293.27,88,3.71,84,-7.7958,-35.5872
420,Moerai,297.36,79,5.94,25,-22.4333,-151.3333
421,Saldanha,286.15,82,1.5,90,-33.0117,17.9442
422,Vila Velha,295.15,83,3.6,90,-20.3297,-40.2925
423,Chicama,292.15,77,4.6,51,-7.8447,-79.1469
424,Tarabuco,285.63,67,5.46,48,-19.1667,-64.9167
425,São João da Barra,295.32,79,7.07,71,-21.6403,-41.0511
426,Palmas,304.15,62,1.0,30,-10.2128,-48.3603
427,Santa Rosa,298.44,94,1.5,40,14.3122,121.1114
428,Natal,298.15,83,3.1,20,-5.795,-35.2094
429,Puerto Leguízamo,299.2,76,0.06,58,-0.1934,-74.7819
430,Tautira,301.04,69,4.6,40,-17.7333,-149.15
431,Valparaíso,290.02,55,6.2,0,-33.0393,-71.6273
432,Fare,299.68,80,5.06,62,-16.7,-151.0167
433,Pangoa,294.7,92,1.07,97,-12.1167,-73.0
434,Constitución,284.71,69,5.64,0,-35.3333,-72.4167
435,Capitán Bado,295.19,76,2.06,79,-23.2667,-55.5333
436,Nortelândia,299.31,66,1.64,100,-14.4547,-56.8028
437,Mazamari,296.06,77,0.89,82,-11.3258,-74.5308
438,Yanacancha,279.33,82,1.15,92,-10.2411,-76.6456
439,Rawson,292.74,24,11.27,35,-43.3002,-65.1023
440,Tocopilla,289.63,58,1.52,21,-22.092,-70.1979
441,Aparecida do Taboado,303.42,37,2.66,95,-20.0867,-51.0936
442,Maragogi,296.92,78,3.65,65,-9.0122,-35.2225
443,La Rioja,281.7,87,1.5,49,42.25,-2.5
444,Mirabela,294.72,74,4.07,37,-16.2628,-44.1644
445,Casa Nova,306.15,31,5.1,40,-9.4167,-41.1333
446,Benjamín Aceval,306.15,41,5.1,0,-24.9667,-57.5667
447,Entre Rios,294.17,93,1.51,33,-11.9419,-38.0844
448,Villamontes,303.62,32,0.81,56,-21.25,-63.5
449,Aquiraz,300.15,78,4.6,82,-3.9014,-38.3911
450,Severínia,299.4,47,2.86,85,-20.8094,-48.8028
451,São Sebastião,294.72,82,4.88,87,-23.76,-45.4097
452,Axim,298.43,88,3.18,63,4.8699,-2.2405
453,Pauini,295.95,92,2.58,98,-7.7136,-66.9764
454,Laguna,305.76,16,2.6,1,38.421,-121.4238
455,Necochea,288.71,70,1.34,72,-38.5473,-58.7368
456,Medeiros Neto,294.7,82,4.72,100,-17.3739,-40.2206
457,Chazuta,300.88,61,0.37,60,-6.5742,-76.1367
458,Coyhaique,278.15,60,3.1,75,-45.5752,-72.0662
459,Vilhena,295.38,88,0.96,95,-12.7406,-60.1458
460,Alta Floresta,297.03,80,1.52,94,-9.8756,-56.0861
461,Paraná,301.72,54,4.78,9,-31.732,-60.5238
462,General Pico,297.2,66,7.97,25,-35.6566,-63.7568
463,Ipameri,293.21,92,2.55,60,-17.7219,-48.1597
464,Altamira,302.53,51,1.33,70,-3.2033,-52.2064
465,Ovalle,291.92,31,1.85,0,-30.5983,-71.2003
466,Salinas,296.72,53,7.2,1,36.6777,-121.6555
467,Iquique,291.15,63,4.1,75,-20.2208,-70.1431
468,Talara,291.57,84,6.59,52,-4.5772,-81.2719
469,Comodoro Rivadavia,289.15,26,13.9,20,-45.8667,-67.5
470,Buritis,298.31,65,2.38,77,-15.6178,-46.4233
471,Montes Altos,302.44,42,2.2,75,-5.8333,-47.0667
472,Taltal,287.93,75,1.95,22,-25.4,-70.4833
473,Rocha,294.48,90,2.63,4,-34.4833,-54.3333
474,Itupiranga,300.09,68,1.38,60,-5.1347,-49.3267
